"NCBI_ID","Genome_ID","Accession_ID","Taxon_name","Attribute","Attribute_value","Attribute_source","Evidence","Frequency","Note","Rank","Parent_name","Parent_NCBI_ID","Parent_rank","Confidence_in_curation"
1053,NA,NA,"Ectothiorhodospira halophila 9628","10% salts",TRUE,"Microbial Fatty Acid Compositions","exp","always",NA,"species","Halorhodospira",85108,"genus","Medium"
1053,NA,NA,"Ectothiorhodospira halophila 9628","20% salts",TRUE,"Microbial Fatty Acid Compositions","exp","always",NA,"species","Halorhodospira",85108,"genus","Medium"
1053,NA,NA,"Ectothiorhodospira halophila 9628","30% salts",TRUE,"Microbial Fatty Acid Compositions","exp","always",NA,"species","Halorhodospira",85108,"genus","Medium"
37487,NA,NA,"Chromatium purpuratum 5500","5% salts",TRUE,"Microbial Fatty Acid Compositions","exp","always",NA,"species","Marichromatium",85076,"genus","Medium"
195064,NA,NA,"Ectothiorhodospira mobilis 9903","5% salts",TRUE,"Microbial Fatty Acid Compositions","exp","always",NA,"species","Ectothiorhodospira",1051,"genus","Medium"
1080,NA,NA,"Rhodopseudomonas marina DSM 2780","5% salts",TRUE,"Microbial Fatty Acid Compositions","exp","always",NA,"species","Afifella",643217,"genus","Medium"
29575,NA,NA,"Haemophilus equigenitalis NCTC 11184","5% sheep blood agar",TRUE,"Microbial Fatty Acid Compositions","exp","always",NA,"species","Taylorella",29574,"genus","Medium"
271,NA,NA,"Thermus aquaticus ATCC 25104","artificial seawater",TRUE,"Microbial Fatty Acid Compositions","exp","always",NA,"species","Thermus",270,"genus","Medium"
295837,NA,NA,"Rhodomonas baltica","artificial seawater",TRUE,"Microbial Fatty Acid Compositions","exp","always",NA,"species","Rhodomonas",37096,"genus","Medium"
2829,NA,NA,"Heterosigma akashiwo","artificial seawater",TRUE,"Microbial Fatty Acid Compositions","exp","always",NA,"species","Heterosigma",2828,"genus","Medium"
35688,NA,NA,"Porphyridium cruentum","artificial seawater",TRUE,"Microbial Fatty Acid Compositions","exp","always",NA,"species","Porphyridium",2791,"genus","Medium"
2945,NA,NA,"Prorocentrum micans","artificial seawater",TRUE,"Microbial Fatty Acid Compositions","exp","always",NA,"species","Prorocentrum",2944,"genus","Medium"
71861,NA,NA,"Scrippsiella trochoidea","artificial seawater",TRUE,"Microbial Fatty Acid Compositions","exp","always",NA,"species","Scrippsiella",54902,"genus","Medium"
35130,NA,NA,"Asterionella glacialis","artificial seawater",TRUE,"Microbial Fatty Acid Compositions","exp","always",NA,"species","Asterionella",35129,"genus","Medium"
426623,NA,NA,"Chaetoceros affinis","artificial seawater",TRUE,"Microbial Fatty Acid Compositions","exp","always",NA,"species","Chaetoceros",49237,"genus","Medium"
265526,NA,NA,"Nitzschia closterium","artificial seawater",TRUE,"Microbial Fatty Acid Compositions","exp","always",NA,NA,NA,NA,NA,"Medium"
2850,NA,NA,"Phaeodactylum tricornutum","artificial seawater",TRUE,"Microbial Fatty Acid Compositions","exp","always",NA,"species","Phaeodactylum",2849,"genus","Medium"
67004,NA,NA,"Thalassiosira weissflogii","artificial seawater",TRUE,"Microbial Fatty Acid Compositions","exp","always",NA,NA,NA,NA,NA,"Medium"
32049,NA,NA,"Agmenellum quadruplicatum","artificial seawater",TRUE,"Microbial Fatty Acid Compositions","exp","always",NA,"species","Synechococcus",1129,"genus","Medium"
1143,NA,NA,"Synechocystis sp","artificial seawater",TRUE,"Microbial Fatty Acid Compositions","exp","always",NA,"species","Synechocystis",1142,"genus","Medium"
13790,NA,NA,"Dunaliella bioculata","artificial seawater",TRUE,"Microbial Fatty Acid Compositions","exp","always",NA,"species","Dunaliella",3044,"genus","Medium"
289299,NA,NA,"Dunaliella minuta","artificial seawater",TRUE,"Microbial Fatty Acid Compositions","exp","always",NA,"species","Dunaliella",3044,"genus","Medium"
257627,NA,NA,"Dunaliella primolecta","artificial seawater",TRUE,"Microbial Fatty Acid Compositions","exp","always",NA,"species","Dunaliella",3044,"genus","Medium"
41888,NA,NA,"Tetraselmis marina","artificial seawater",TRUE,"Microbial Fatty Acid Compositions","exp","always",NA,"species","Tetraselmis",3164,"genus","Medium"
270643,NA,NA,"Tetraselmis suecica","artificial seawater",TRUE,"Microbial Fatty Acid Compositions","exp","always",NA,"species","Tetraselmis",3164,"genus","Medium"
424539,NA,NA,"Chrysotila lamellosa","artificial seawater",TRUE,"Microbial Fatty Acid Compositions","exp","always",NA,"species","Ruttnera",2922897,"genus","Medium"
2903,NA,NA,"Emiliania huxleyi","artificial seawater",TRUE,"Microbial Fatty Acid Compositions","exp","always",NA,"species","Emiliania",2902,"genus","Medium"
119481,NA,NA,"Pavlova pinguis","artificial seawater",TRUE,"Microbial Fatty Acid Compositions","exp","always",NA,"species","Pavlova",2831,"genus","Medium"
561169,NA,NA,"Pavlova salina 0","artificial seawater",TRUE,"Microbial Fatty Acid Compositions","exp","always",NA,"species","Rebecca",561168,"genus","Medium"
948922,NA,NA,"Isochrysis CCMP 463","artificial seawater",TRUE,"Microbial Fatty Acid Compositions","exp","always",NA,"species","Isochrysis",37098,"genus","Medium"
1321669,NA,NA,"Isochrysis CCMP 1324","artificial seawater",TRUE,"Microbial Fatty Acid Compositions","exp","always",NA,"species","Tisochrysis",1574290,"genus","Medium"
37099,NA,NA,"Isochrysis galbana 0","artificial seawater",TRUE,"Microbial Fatty Acid Compositions","exp","always",NA,"species","Isochrysis",37098,"genus","Medium"
37099,NA,NA,"Isochrysis galbana TK1","artificial seawater",TRUE,"Microbial Fatty Acid Compositions","exp","always",NA,"species","Isochrysis",37098,"genus","Medium"
2832,NA,NA,"Pavlova lutheri CCMP 1325 TK2","artificial seawater",TRUE,"Microbial Fatty Acid Compositions","exp","always",NA,NA,NA,NA,NA,"Medium"
43925,NA,NA,"Nannochloropsis oculata 0","artificial seawater",TRUE,"Microbial Fatty Acid Compositions","exp","always",NA,"species","Nannochloropsis",5748,"genus","Medium"
3081,NA,NA,"Chlorella minutissima UTEX2341","artificial seawater",TRUE,"Microbial Fatty Acid Compositions","exp","always",NA,"species","Neodesmus",113523,"genus","Medium"
265524,NA,NA,"Chaetoceros calcitrans CS-178","artificial seawater",TRUE,"Microbial Fatty Acid Compositions","exp","always",NA,"species","Chaetoceros",49237,"genus","Medium"
184592,NA,NA,"Chaetoceros gracilis CS-176","artificial seawater",TRUE,"Microbial Fatty Acid Compositions","exp","always",NA,"species","Chaetoceros",49237,"genus","Medium"
2843,NA,NA,"Skeletonema costatum CS-181","artificial seawater",TRUE,"Microbial Fatty Acid Compositions","exp","always",NA,"species","Skeletonema",2842,"genus","Medium"
2832,NA,NA,"Pavlova lutheri CS-182","artificial seawater",TRUE,"Microbial Fatty Acid Compositions","exp","always",NA,NA,NA,NA,NA,"Medium"
3047,NA,NA,"Dunaliella tertiolecta CS-175","artificial seawater",TRUE,"Microbial Fatty Acid Compositions","exp","always",NA,"species","Dunaliella",3044,"genus","Medium"
133490,NA,NA,"Nannochloris atomus CS-183","artificial seawater",TRUE,"Microbial Fatty Acid Compositions","exp","always",NA,"species","Picochlorum",249344,"genus","Medium"
270643,NA,NA,"Tetraselmis suecica CS-187","artificial seawater",TRUE,"Microbial Fatty Acid Compositions","exp","always",NA,"species","Tetraselmis",3164,"genus","Medium"
402395,NA,NA,"Chroomonas salina CS-174","artificial seawater",TRUE,"Microbial Fatty Acid Compositions","exp","always",NA,"species","Chroomonas",3028,"genus","Medium"
35128,NA,NA,"Thalassiosira pseudonana CS-173","artificial seawater",TRUE,"Microbial Fatty Acid Compositions","exp","always",NA,"species","Thalassiosira",35127,"genus","Medium"
32049,NA,NA,"Agmenellum quadruplicatum PR-6","asp-2",TRUE,"Microbial Fatty Acid Compositions","exp","always",NA,"species","Synechococcus",1129,"genus","Medium"
272135,NA,NA,"Plectonema terebrans SP-31","asp-2",TRUE,"Microbial Fatty Acid Compositions","exp","always",NA,"species","Plectonema",1183,"genus","Medium"
56109,NA,NA,"Oscillatoria williamsii Mev","asp-2",TRUE,"Microbial Fatty Acid Compositions","exp","always",NA,"species","Oscillatoria",1158,"genus","Medium"
64178,NA,NA,"Microcoleus chthonoplastes Ba-1","asp-2",TRUE,"Microbial Fatty Acid Compositions","exp","always",NA,"species","Coleofasciculus",669368,"genus","Medium"
55396,NA,NA,"Gloeocapsa 6501","bg11",TRUE,"Microbial Fatty Acid Compositions","exp","always",NA,"strain","Gloeothece membranacea",44473,"species","Medium"
1296348,NA,NA,"Anabaena 6302; ICC 1551","bg11",TRUE,"Microbial Fatty Acid Compositions","exp","always",NA,"strain","Desmonostoc muscorum",1179,"species","Medium"
135104,NA,NA,"Anabaena spiroides 6310; ICC 1552","bg11",TRUE,"Microbial Fatty Acid Compositions","exp","always",NA,"species","Dolichospermum",748770,"genus","Medium"
447716,NA,NA,"Anabaena variabilis 6309","bg11",TRUE,"Microbial Fatty Acid Compositions","exp","always",NA,"strain","Trichormus variabilis",264691,"species","Medium"
889393,NA,NA,"Anabaena 6314; ICC 1545","bg11",TRUE,"Microbial Fatty Acid Compositions","exp","always",NA,"species","Nostoc",1177,"genus","Medium"
889391,NA,NA,"Anabaena 6411","bg11",TRUE,"Microbial Fatty Acid Compositions","exp","always",NA,"species","Nostoc",1177,"genus","Medium"
1296334,NA,NA,"Nostoc 6719; BC-172","bg11",TRUE,"Microbial Fatty Acid Compositions","exp","always",NA,"strain","Desmonostoc muscorum",1179,"species","Medium"
32054,NA,NA,"Calothrix parietina 6303","bg11",TRUE,"Microbial Fatty Acid Compositions","exp","always",NA,"species","Calothrix",1186,"genus","Medium"
32056,NA,NA,"Calothrix desertica 7102","bg11",TRUE,"Microbial Fatty Acid Compositions","exp","always",NA,"species","Dulcicalothrix",2662189,"genus","Medium"
231146,NA,NA,"Tolypothrix tenuis 7101; SAUG B-1482-3","bg11",TRUE,"Microbial Fatty Acid Compositions","exp","always",NA,"strain","Tolypothrix tenuis",457083,"species","Medium"
137816,NA,NA,"Nodularia sphaerocarpa 7103; SAUG B-1466-1","bg11",TRUE,"Microbial Fatty Acid Compositions","exp","always",NA,"species","Nodularia",159191,"genus","Medium"
402777,NA,NA,"Oscillatoria 6407","bg11",TRUE,"Microbial Fatty Acid Compositions","exp","always",NA,"strain","Kamptonema formosum",331992,"species","Medium"
587412,NA,NA,"Oscillatoria 6412; ICC 1546","bg11",TRUE,"Microbial Fatty Acid Compositions","exp","always",NA,"species","Oscillatoria",1158,"genus","Medium"
272129,NA,NA,"Oscillatoria 6506; ICC 1547","bg11",TRUE,"Microbial Fatty Acid Compositions","exp","always",NA,"species","Kamptonema",1501433,"genus","Medium"
587413,NA,NA,"Oscillatoria 6602","bg11",TRUE,"Microbial Fatty Acid Compositions","exp","always",NA,"species","Oscillatoria",1158,"genus","Medium"
1035353,NA,NA,"Oscillatoria agardhii 6507; var suspensa","bg11",TRUE,"Microbial Fatty Acid Compositions","exp","always",NA,"species","Planktothrix",54304,"genus","Medium"
314103,NA,NA,"Lyngbya 6703","bg11",TRUE,"Microbial Fatty Acid Compositions","exp","always",NA,"species","Leptolyngbya",47251,"genus","Medium"
240295,NA,NA,"Schizothrix calcicola 7004; MAN","bg11",TRUE,"Microbial Fatty Acid Compositions","exp","always",NA,"species","Schizothrix",240294,"genus","Medium"
272134,NA,NA,"Plectonema boryanum 6306; SAUG B-1463-1A","bg11",TRUE,"Microbial Fatty Acid Compositions","exp","always",NA,"strain","Leptolyngbya boryana",1184,"species","Medium"
272136,NA,NA,"Plectonema 6402; ICC 1541","bg11",TRUE,"Microbial Fatty Acid Compositions","exp","always",NA,"species","Leptolyngbya",47251,"genus","Medium"
129961,NA,NA,"Spirulina 6313","bg11",TRUE,"Microbial Fatty Acid Compositions","exp","always",NA,"strain","Spirulina major",270636,"species","Medium"
1173020,NA,NA,"Synechococcus 6605","bg11",TRUE,"Microbial Fatty Acid Compositions","exp","always",NA,"strain","Chamaesiphon minutus",1173032,"species","Medium"
1357543,NA,NA,"Gloeocapsa alpicola 6910; 1051","bg11",TRUE,"Microbial Fatty Acid Compositions","exp","always",NA,"species","Gloeocapsa",102231,"genus","Medium"
180281,NA,NA,"Anacystis marina 7001","bg11",TRUE,"Microbial Fatty Acid Compositions","exp","always",NA,"species","Cyanobium",167375,"genus","Medium"
32049,NA,NA,"Agmenellum quadruplicatum 7002; PR-6","bg11",TRUE,"Microbial Fatty Acid Compositions","exp","always",NA,"species","Synechococcus",1129,"genus","Medium"
374981,NA,NA,"Coccochloris elabens 7003; 17-A","bg11",TRUE,"Microbial Fatty Acid Compositions","exp","always",NA,"species","Synechococcus",1129,"genus","Medium"
102126,NA,NA,"Synechococcus 6903","bg11",TRUE,"Microbial Fatty Acid Compositions","exp","always",NA,"species","Pseudanabaena",1152,"genus","Medium"
47918,NA,NA,"Synechococcus 6901","bg11",TRUE,"Microbial Fatty Acid Compositions","exp","always",NA,"strain","Pseudanabaena galeata",1112103,"species","Medium"
267870,NA,NA,"Microcystis aeruginosa 7005","bg11",TRUE,"Microbial Fatty Acid Compositions","exp","always",NA,"strain","Microcystis aeruginosa",1126,"species","Medium"
122356,NA,NA,"Aphanocapsa 6702","bg11",TRUE,"Microbial Fatty Acid Compositions","exp","always",NA,"species","Synechocystis",1142,"genus","Medium"
1148,NA,NA,"Aphanocapsa 6803","bg11",TRUE,"Microbial Fatty Acid Compositions","exp","always",NA,"species","Synechocystis",1142,"genus","Medium"
122357,NA,NA,"Aphanocapsa 6805","bg11",TRUE,"Microbial Fatty Acid Compositions","exp","always",NA,"species","Synechocystis",1142,"genus","Medium"
1357543,NA,NA,"Gloeocapsa alpicola 6308; 1051","bg11",TRUE,"Microbial Fatty Acid Compositions","exp","always",NA,"species","Gloeocapsa",102231,"genus","Medium"
1144,NA,NA,"Aphanocapsa 6701","bg11",TRUE,"Microbial Fatty Acid Compositions","exp","always",NA,"species","Geminocystis",669357,"genus","Medium"
118675,NA,NA,"Chlorogloea fritschii 6712","bg11",TRUE,"Microbial Fatty Acid Compositions","exp","always",NA,"species","Chroococcidiopsis",54298,"genus","Medium"
109266,NA,NA,"Anabaenopsis circularis 6720","bg11",TRUE,"Microbial Fatty Acid Compositions","exp","always",NA,"species","Anabaenopsis",110103,"genus","Medium"
102122,NA,NA,"Chlorogloea fritschii 6718","bg11",TRUE,"Microbial Fatty Acid Compositions","exp","always",NA,"strain","Chlorogloeopsis fritschii",1124,"species","Medium"
292564,NA,NA,"Coccochloris peniocystis 6307","bg11",TRUE,"Microbial Fatty Acid Compositions","exp","always",NA,"strain","Cyanobium gracile",59930,"species","Medium"
195253,NA,NA,"Synechococcus 6312","bg11",TRUE,"Microbial Fatty Acid Compositions","exp","always",NA,"species","Synechococcus",1129,"genus","Medium"
118323,NA,NA,"Microcoleus vaginatus 6304; SAUG B-1449-3","bg11",TRUE,"Microbial Fatty Acid Compositions","exp","always",NA,"species","Oscillatoria",1158,"genus","Medium"
28074,NA,NA,"Lyngbya lagerheimii 7104; MONT","bg11",TRUE,"Microbial Fatty Acid Compositions","exp","always",NA,"species","Lyngbya",28073,"genus","Medium"
454135,NA,NA,"Spirulina N 27","bg11",TRUE,"Microbial Fatty Acid Compositions","exp","always",NA,"strain","Spirulina subsalsa",54311,"species","Medium"
1147,NA,NA,"Aphanocapsa 6714","bg11",TRUE,"Microbial Fatty Acid Compositions","exp","always",NA,"species","Synechocystis",1142,"genus","Medium"
269084,NA,NA,"Anacystis nidulans 6301","bg11",TRUE,"Microbial Fatty Acid Compositions","exp","always",NA,"strain","Synechococcus elongatus",32046,"species","Medium"
33070,NA,NA,"Synechococcus lividus 6715","bg11",TRUE,"Microbial Fatty Acid Compositions","exp","always",NA,"species","Thermostichus",2881385,"genus","Medium"
115741,NA,NA,"Synechococcus 6717; Y52","bg11",TRUE,"Microbial Fatty Acid Compositions","exp","always",NA,"species","Synechococcus",1129,"genus","Medium"
32048,NA,NA,"Synechococcus 6716; Cl53","brackish microbiological culture medium",TRUE,"Microbial Fatty Acid Compositions","exp","always",NA,"species","Synechococcus",1129,"genus","Medium"
1179,NA,NA,"Nostoc muscorum NM","c",TRUE,"Microbial Fatty Acid Compositions","exp","always",NA,"species","Desmonostoc",1340414,"genus","Medium"
1172,NA,NA,"Anabaena variabilis 0","c",TRUE,"Microbial Fatty Acid Compositions","exp","always",NA,NA,NA,NA,NA,"Medium"
1112,NA,NA,"Porphyrobacter neustonensis ACM 2847","casitone-yeast extract agar",TRUE,"Microbial Fatty Acid Compositions","exp","always",NA,"species","Erythrobacter",1041,"genus","Medium"
446,NA,NA,"Legionella pneumophila Berkeley","charcoal-yeast extract",TRUE,"Microbial Fatty Acid Compositions","exp","always",NA,"species","Legionella",445,"genus","Medium"
446,NA,NA,"Legionella pneumophila Flint 2","charcoal-yeast extract",TRUE,"Microbial Fatty Acid Compositions","exp","always",NA,"species","Legionella",445,"genus","Medium"
29575,NA,NA,"Haemophilus equigenitalis NCTC 11184","chocolate agar",TRUE,"Microbial Fatty Acid Compositions","exp","always",NA,"species","Taylorella",29574,"genus","Medium"
265524,NA,NA,"Chaetoceros calcitrans 0","conway",TRUE,"Microbial Fatty Acid Compositions","exp","always",NA,"species","Chaetoceros",49237,"genus","Medium"
2843,NA,NA,"Skeletonema costatum 0","conway",TRUE,"Microbial Fatty Acid Compositions","exp","always",NA,"species","Skeletonema",2842,"genus","Medium"
37099,NA,NA,"Isochrysis galbana 0","conway",TRUE,"Microbial Fatty Acid Compositions","exp","always",NA,"species","Isochrysis",37098,"genus","Medium"
270643,NA,NA,"Tetraselmis suecica 0","conway",TRUE,"Microbial Fatty Acid Compositions","exp","always",NA,"species","Tetraselmis",3164,"genus","Medium"
35688,NA,NA,"Porphyridium cruentum 0","conway",TRUE,"Microbial Fatty Acid Compositions","exp","always",NA,"species","Porphyridium",2791,"genus","Medium"
393133,NA,NA,"Listeria monocytogenes 10403S","defined microbiological culture medium",TRUE,"Microbial Fatty Acid Compositions","exp","always",NA,"strain","Listeria monocytogenes",1639,"species","Medium"
1639,NA,NA,"Listeria monocytogenes SLCC53","defined microbiological culture medium",TRUE,"Microbial Fatty Acid Compositions","exp","always",NA,"species","Listeria",1637,"genus","Medium"
171121,NA,NA,"Sulfurihydrogenibium subterraneum HGMK1","dsmz medium 1000",TRUE,"Microbial Fatty Acid Compositions","exp","always",NA,"species","Sulfurihydrogenibium",212790,"genus","Medium"
29575,NA,NA,"Haemophilus equigenitalis NCTC 11184","fildes enrichment",TRUE,"Microbial Fatty Acid Compositions","exp","always",NA,"species","Taylorella",29574,"genus","Medium"
1265,NA,NA,"Ruminococcus flavefaciens B34b","gse",TRUE,"Microbial Fatty Acid Compositions","exp","always",NA,"species","Ruminococcus",1263,"genus","Medium"
631050,NA,NA,"Scrippsiella CS-295/c","gse",TRUE,"Microbial Fatty Acid Compositions","exp","always",NA,"species","Scrippsiella",54902,"genus","Medium"
2951,NA,NA,"Symbiodinium microadriaticum Freud CS-155","gse",TRUE,"Microbial Fatty Acid Compositions","exp","always",NA,"species","Symbiodinium",2949,"genus","Medium"
1018,NA,NA,"Capnocytophaga ochracea C4295","heart infusion agar",TRUE,"Microbial Fatty Acid Compositions","exp","always",NA,"species","Capnocytophaga",1016,"genus","Medium"
1017,NA,NA,"Capnocytophaga gingivalis D6182","heart infusion agar",TRUE,"Microbial Fatty Acid Compositions","exp","always",NA,"species","Capnocytophaga",1016,"genus","Medium"
1018,NA,NA,"Capnocytophaga ochracea 25","heart infusion agar",TRUE,"Microbial Fatty Acid Compositions","exp","always",NA,"species","Capnocytophaga",1016,"genus","Medium"
1017,NA,NA,"Capnocytophaga gingivalis 27","heart infusion agar",TRUE,"Microbial Fatty Acid Compositions","exp","always",NA,"species","Capnocytophaga",1016,"genus","Medium"
1019,NA,NA,"Capnocytophaga sputigena 4","heart infusion agar",TRUE,"Microbial Fatty Acid Compositions","exp","always",NA,"species","Capnocytophaga",1016,"genus","Medium"
260365,NA,NA,"Shewanella aquimarina JCM 12193","lb agar",TRUE,"Microbial Fatty Acid Compositions","exp","always",NA,"species","Shewanella",22,"genus","Medium"
246794,NA,NA,"Moritella 5710","lb medium",TRUE,"Microbial Fatty Acid Compositions","exp","always",NA,"species","Moritella",58050,"genus","Medium"
466153,NA,NA,"Singulisphaera acidiphila MOB10","medium 31 agar",TRUE,"Microbial Fatty Acid Compositions","exp","always",NA,"species","Singulisphaera",466152,"genus","Medium"
466153,NA,NA,"Singulisphaera acidiphila MPL1015","medium 31 agar",TRUE,"Microbial Fatty Acid Compositions","exp","always",NA,"species","Singulisphaera",466152,"genus","Medium"
466153,NA,NA,"Singulisphaera acidiphila PO2","medium 31 agar",TRUE,"Microbial Fatty Acid Compositions","exp","always",NA,"species","Singulisphaera",466152,"genus","Medium"
466153,NA,NA,"Singulisphaera acidiphila BG32","medium 31 agar",TRUE,"Microbial Fatty Acid Compositions","exp","always",NA,"species","Singulisphaera",466152,"genus","Medium"
96345,NA,NA,"Flexibacter psychrophilus 0","modified shieh agar",TRUE,"Microbial Fatty Acid Compositions","exp","always",NA,"species","Flavobacterium",237,"genus","Medium"
245,NA,NA,"Flavobacterium aquatile 0","modified shieh agar",TRUE,"Microbial Fatty Acid Compositions","exp","always",NA,"species","Flavobacterium",237,"genus","Medium"
55197,NA,NA,"Flavobacterium branchiophilum 0","modified shieh agar",TRUE,"Microbial Fatty Acid Compositions","exp","always",NA,"species","Flavobacterium",237,"genus","Medium"
996,NA,NA,"Flexibacter columnaris 0","modified shieh agar",TRUE,"Microbial Fatty Acid Compositions","exp","always",NA,"species","Flavobacterium",237,"genus","Medium"
29533,NA,NA,"Cytophaga pectinovora 0","modified shieh agar",TRUE,"Microbial Fatty Acid Compositions","exp","always",NA,"species","Flavobacterium",237,"genus","Medium"
29536,NA,NA,"Cytophaga succinicans 0","modified shieh agar",TRUE,"Microbial Fatty Acid Compositions","exp","always",NA,"species","Flavobacterium",237,"genus","Medium"
29536,NA,NA,"Cytophaga succinicans NCIMB 2278","modified shieh agar",TRUE,"Microbial Fatty Acid Compositions","exp","always",NA,"species","Flavobacterium",237,"genus","Medium"
69322,NA,NA,"Cytophaga xantha 0","modified shieh agar",TRUE,"Microbial Fatty Acid Compositions","exp","always",NA,"species","Flavobacterium",237,"genus","Medium"
986,NA,NA,"Flexibacter aurantiacus subspecies excathedrus 0","modified shieh agar",TRUE,"Microbial Fatty Acid Compositions","exp","always",NA,"species","Flavobacterium",237,"genus","Medium"
76832,NA,NA,"Flavobacterium odoratum LMG 4029","modified shieh agar",TRUE,"Microbial Fatty Acid Compositions","exp","always",NA,"species","Myroides",76831,"genus","Medium"
1598,NA,NA,"Lactobacillus reuteri CRL 1098","mrs broth",TRUE,"Microbial Fatty Acid Compositions","exp","always",NA,"species","Limosilactobacillus",2742598,"genus","Medium"
446,NA,NA,"Legionella pneumophila Berkeley","mueller-hinton",TRUE,"Microbial Fatty Acid Compositions","exp","always",NA,"species","Legionella",445,"genus","Medium"
446,NA,NA,"Legionella pneumophila Flint 2","mueller-hinton",TRUE,"Microbial Fatty Acid Compositions","exp","always",NA,"species","Legionella",445,"genus","Medium"
831,NA,NA,"Butyrivibrio fibrisolvens D1","nutrient broth",TRUE,"Microbial Fatty Acid Compositions","exp","always",NA,"species","Butyrivibrio",830,"genus","Medium"
83771,NA,NA,"Succinivibrio dextrinosolvens 24","nutrient broth",TRUE,"Microbial Fatty Acid Compositions","exp","always",NA,"species","Succinivibrio",83770,"genus","Medium"
867,NA,NA,"Bacteroides amylophilus 78","nutrient broth",TRUE,"Microbial Fatty Acid Compositions","exp","always",NA,"species","Ruminobacter",866,"genus","Medium"
1265,NA,NA,"Ruminococcus flavefaciens B34b","nutrient broth",TRUE,"Microbial Fatty Acid Compositions","exp","always",NA,"species","Ruminococcus",1263,"genus","Medium"
35833,NA,NA,"Bilophila wadsworthia 0","pyg medium",TRUE,"Microbial Fatty Acid Compositions","exp","always",NA,"species","Bilophila",35832,"genus","Medium"
52229,NA,NA,"Hallella seregens 0","pyg medium",TRUE,"Microbial Fatty Acid Compositions","exp","always",NA,"species","Hallella",52228,"genus","Medium"
41976,NA,NA,"Oribaculum catoniae 0","pyg medium",TRUE,"Microbial Fatty Acid Compositions","exp","always",NA,"species","Porphyromonas",836,"genus","Medium"
833,NA,NA,"Fibrobacter succinogenes ATCC 19169","pyg medium",TRUE,"Microbial Fatty Acid Compositions","exp","always",NA,"species","Fibrobacter",832,"genus","Medium"
1044,NA,NA,"Erythrobacter longus OCh 101","sm agar",TRUE,"Microbial Fatty Acid Compositions","exp","always",NA,"species","Erythrobacter",1041,"genus","Medium"
2434,NA,NA,"Roseobacter denitrificans OCh 114","sm agar",TRUE,"Microbial Fatty Acid Compositions","exp","always",NA,"species","Roseobacter",2433,"genus","Medium"
1112,NA,NA,"Porphyrobacter neustonensis ACM 2508","staley pyg",TRUE,"Microbial Fatty Acid Compositions","exp","always",NA,"species","Erythrobacter",1041,"genus","Medium"
1112,NA,NA,"Porphyrobacter neustonensis ACM 2721","staley pyg",TRUE,"Microbial Fatty Acid Compositions","exp","always",NA,"species","Erythrobacter",1041,"genus","Medium"
1112,NA,NA,"Porphyrobacter neustonensis ACM 2844","staley pyg",TRUE,"Microbial Fatty Acid Compositions","exp","always",NA,"species","Erythrobacter",1041,"genus","Medium"
901,NA,NA,"Desulfomonas pigra ATCC 29098","tryptic soy agar",TRUE,"Microbial Fatty Acid Compositions","exp","always",NA,"species","Desulfovibrio",872,"genus","Medium"
529,NA,NA,"Achromobacter C349","tryptic soy agar",TRUE,"Microbial Fatty Acid Compositions","exp","always",NA,"species","Brucella",234,"genus","Medium"
529,NA,NA,"Achromobacter C7259","tryptic soy agar",TRUE,"Microbial Fatty Acid Compositions","exp","always",NA,"species","Brucella",234,"genus","Medium"
529,NA,NA,"Achromobacter A9112","tryptic soy agar",TRUE,"Microbial Fatty Acid Compositions","exp","always",NA,"species","Brucella",234,"genus","Medium"
529,NA,NA,"Achromobacter C675","tryptic soy agar",TRUE,"Microbial Fatty Acid Compositions","exp","always",NA,"species","Brucella",234,"genus","Medium"
529,NA,NA,"Achromobacter D8708","tryptic soy agar",TRUE,"Microbial Fatty Acid Compositions","exp","always",NA,"species","Brucella",234,"genus","Medium"
529,NA,NA,"Achromobacter D9035","tryptic soy agar",TRUE,"Microbial Fatty Acid Compositions","exp","always",NA,"species","Brucella",234,"genus","Medium"
529,NA,NA,"Achromobacter D9053","tryptic soy agar",TRUE,"Microbial Fatty Acid Compositions","exp","always",NA,"species","Brucella",234,"genus","Medium"
85698,NA,NA,"Achromobacter xylosoxidans KC1064; ATCC 27061","tryptic soy agar",TRUE,"Microbial Fatty Acid Compositions","exp","always",NA,"species","Achromobacter",222,"genus","Medium"
85698,NA,NA,"Achromobacter xylosoxidans D7818","tryptic soy agar",TRUE,"Microbial Fatty Acid Compositions","exp","always",NA,"species","Achromobacter",222,"genus","Medium"
85698,NA,NA,"Achromobacter xylosoxidans D9221","tryptic soy agar",TRUE,"Microbial Fatty Acid Compositions","exp","always",NA,"species","Achromobacter",222,"genus","Medium"
85698,NA,NA,"Achromobacter xylosoxidans D8432","tryptic soy agar",TRUE,"Microbial Fatty Acid Compositions","exp","always",NA,"species","Achromobacter",222,"genus","Medium"
85698,NA,NA,"Achromobacter xylosoxidans D9448","tryptic soy agar",TRUE,"Microbial Fatty Acid Compositions","exp","always",NA,"species","Achromobacter",222,"genus","Medium"
511,NA,NA,"Alcaligenes faecalis C8194","tryptic soy agar",TRUE,"Microbial Fatty Acid Compositions","exp","always",NA,"species","Alcaligenes",507,"genus","Medium"
511,NA,NA,"Alcaligenes faecalis C7859","tryptic soy agar",TRUE,"Microbial Fatty Acid Compositions","exp","always",NA,"species","Alcaligenes",507,"genus","Medium"
511,NA,NA,"Alcaligenes faecalis B5104","tryptic soy agar",TRUE,"Microbial Fatty Acid Compositions","exp","always",NA,"species","Alcaligenes",507,"genus","Medium"
511,NA,NA,"Alcaligenes faecalis B5037","tryptic soy agar",TRUE,"Microbial Fatty Acid Compositions","exp","always",NA,"species","Alcaligenes",507,"genus","Medium"
511,NA,NA,"Alcaligenes faecalis B5069","tryptic soy agar",TRUE,"Microbial Fatty Acid Compositions","exp","always",NA,"species","Alcaligenes",507,"genus","Medium"
511,NA,NA,"Alcaligenes faecalis B2608","tryptic soy agar",TRUE,"Microbial Fatty Acid Compositions","exp","always",NA,"species","Alcaligenes",507,"genus","Medium"
511,NA,NA,"Alcaligenes faecalis B6353","tryptic soy agar",TRUE,"Microbial Fatty Acid Compositions","exp","always",NA,"species","Alcaligenes",507,"genus","Medium"
511,NA,NA,"Alcaligenes faecalis B6288","tryptic soy agar",TRUE,"Microbial Fatty Acid Compositions","exp","always",NA,"species","Alcaligenes",507,"genus","Medium"
511,NA,NA,"Alcaligenes faecalis B4636","tryptic soy agar",TRUE,"Microbial Fatty Acid Compositions","exp","always",NA,"species","Alcaligenes",507,"genus","Medium"
511,NA,NA,"Alcaligenes faecalis B2566","tryptic soy agar",TRUE,"Microbial Fatty Acid Compositions","exp","always",NA,"species","Alcaligenes",507,"genus","Medium"
511,NA,NA,"Alcaligenes faecalis C1549","tryptic soy agar",TRUE,"Microbial Fatty Acid Compositions","exp","always",NA,"species","Alcaligenes",507,"genus","Medium"
32002,NA,NA,"Alcaligenes denitrificans KC367","tryptic soy agar",TRUE,"Microbial Fatty Acid Compositions","exp","always",NA,"species","Achromobacter",222,"genus","Medium"
32002,NA,NA,"Alcaligenes denitrificans B7042","tryptic soy agar",TRUE,"Microbial Fatty Acid Compositions","exp","always",NA,"species","Achromobacter",222,"genus","Medium"
511,NA,NA,"Alcaligenes odorans C8486","tryptic soy agar",TRUE,"Microbial Fatty Acid Compositions","exp","always",NA,"species","Alcaligenes",507,"genus","Medium"
511,NA,NA,"Alcaligenes odorans C8351","tryptic soy agar",TRUE,"Microbial Fatty Acid Compositions","exp","always",NA,"species","Alcaligenes",507,"genus","Medium"
43263,NA,NA,"Pseudomonas alcaligenes RYS 142","tryptic soy agar",TRUE,"Microbial Fatty Acid Compositions","exp","always",NA,"species","Pseudomonas",286,"genus","Medium"
43263,NA,NA,"Pseudomonas alcaligenes A7708","tryptic soy agar",TRUE,"Microbial Fatty Acid Compositions","exp","always",NA,"species","Pseudomonas",286,"genus","Medium"
330,NA,NA,"Pseudomonas pseudoalcaligenes KC945","tryptic soy agar",TRUE,"Microbial Fatty Acid Compositions","exp","always",NA,NA,NA,NA,NA,"Medium"
330,NA,NA,"Pseudomonas pseudoalcaligenes B1373","tryptic soy agar",TRUE,"Microbial Fatty Acid Compositions","exp","always",NA,NA,NA,NA,NA,"Medium"
330,NA,NA,"Pseudomonas pseudoalcaligenes A9863","tryptic soy agar",TRUE,"Microbial Fatty Acid Compositions","exp","always",NA,NA,NA,NA,NA,"Medium"
330,NA,NA,"Pseudomonas pseudoalcaligenes A2985","tryptic soy agar",TRUE,"Microbial Fatty Acid Compositions","exp","always",NA,NA,NA,NA,NA,"Medium"
24,NA,NA,"Pseudomonas putrefaciens KC988","tryptic soy agar",TRUE,"Microbial Fatty Acid Compositions","exp","always",NA,"species","Shewanella",22,"genus","Medium"
24,NA,NA,"Pseudomonas putrefaciens B7000","tryptic soy agar",TRUE,"Microbial Fatty Acid Compositions","exp","always",NA,"species","Shewanella",22,"genus","Medium"
24,NA,NA,"Pseudomonas putrefaciens B7120","tryptic soy agar",TRUE,"Microbial Fatty Acid Compositions","exp","always",NA,"species","Shewanella",22,"genus","Medium"
24,NA,NA,"Pseudomonas putrefaciens B7128","tryptic soy agar",TRUE,"Microbial Fatty Acid Compositions","exp","always",NA,"species","Shewanella",22,"genus","Medium"
293,NA,NA,"Pseudomonas diminuta","tryptic soy agar",TRUE,"Microbial Fatty Acid Compositions","exp","always",NA,"species","Brevundimonas",41275,"genus","Medium"
41276,NA,NA,"Pseudomonas vesicularis","tryptic soy agar",TRUE,"Microbial Fatty Acid Compositions","exp","always",NA,"species","Brevundimonas",41275,"genus","Medium"
40324,NA,NA,"Pseudomonas maltophila","tryptic soy agar",TRUE,"Microbial Fatty Acid Compositions","exp","always",NA,"species","Stenotrophomonas",40323,"genus","Medium"
24,NA,NA,"Pseudomonas putrefaciens","tryptic soy agar",TRUE,"Microbial Fatty Acid Compositions","exp","always",NA,"species","Shewanella",22,"genus","Medium"
80866,NA,NA,"Pseudomonas acidovorans","tryptic soy agar",TRUE,"Microbial Fatty Acid Compositions","exp","always",NA,"species","Delftia",80865,"genus","Medium"
285,NA,NA,"Pseudomonas testosteroni","tryptic soy agar",TRUE,"Microbial Fatty Acid Compositions","exp","always",NA,"species","Comamonas",283,"genus","Medium"
287,NA,NA,"Pseudomonas aeruginosa","tryptic soy agar",TRUE,"Microbial Fatty Acid Compositions","exp","always",NA,"species","Pseudomonas",286,"genus","Medium"
303,NA,NA,"Pseudomonas putida","tryptic soy agar",TRUE,"Microbial Fatty Acid Compositions","exp","always",NA,"species","Pseudomonas",286,"genus","Medium"
294,NA,NA,"Pseudomonas fluorescens","tryptic soy agar",TRUE,"Microbial Fatty Acid Compositions","exp","always",NA,"species","Pseudomonas",286,"genus","Medium"
292,NA,NA,"Pseudomonas cepacia","tryptic soy agar",TRUE,"Microbial Fatty Acid Compositions","exp","always",NA,"species","Burkholderia",32008,"genus","Medium"
28450,NA,NA,"Pseudomonas pseudomallei","tryptic soy agar",TRUE,"Microbial Fatty Acid Compositions","exp","always",NA,"species","Burkholderia",32008,"genus","Medium"
316,NA,NA,"Pseudomonas stutzeri","tryptic soy agar",TRUE,"Microbial Fatty Acid Compositions","exp","always",NA,"species","Pseudomonas",286,"genus","Medium"
300,NA,NA,"Pseudomonas mendocina","tryptic soy agar",TRUE,"Microbial Fatty Acid Compositions","exp","always",NA,"species","Pseudomonas",286,"genus","Medium"
330,NA,NA,"Pseudomonas pseudoalcaligenes","tryptic soy agar",TRUE,"Microbial Fatty Acid Compositions","exp","always",NA,NA,NA,NA,NA,"Medium"
40324,NA,NA,"Pseudomonas maltophila RYS 67; ATCC 13637","tryptic soy agar",TRUE,"Microbial Fatty Acid Compositions","exp","always",NA,"species","Stenotrophomonas",40323,"genus","Medium"
40324,NA,NA,"Pseudomonas maltophila AJ 2082","tryptic soy agar",TRUE,"Microbial Fatty Acid Compositions","exp","always",NA,"species","Stenotrophomonas",40323,"genus","Medium"
40324,NA,NA,"Pseudomonas maltophila YF-3","tryptic soy agar",TRUE,"Microbial Fatty Acid Compositions","exp","always",NA,"species","Stenotrophomonas",40323,"genus","Medium"
40324,NA,NA,"Pseudomonas maltophila YF-6","tryptic soy agar",TRUE,"Microbial Fatty Acid Compositions","exp","always",NA,"species","Stenotrophomonas",40323,"genus","Medium"
40324,NA,NA,"Pseudomonas maltophila YF-8","tryptic soy agar",TRUE,"Microbial Fatty Acid Compositions","exp","always",NA,"species","Stenotrophomonas",40323,"genus","Medium"
40324,NA,NA,"Pseudomonas maltophila P-1","tryptic soy agar",TRUE,"Microbial Fatty Acid Compositions","exp","always",NA,"species","Stenotrophomonas",40323,"genus","Medium"
40324,NA,NA,"Pseudomonas maltophila P-7","tryptic soy agar",TRUE,"Microbial Fatty Acid Compositions","exp","always",NA,"species","Stenotrophomonas",40323,"genus","Medium"
40324,NA,NA,"Pseudomonas maltophila P-7-2","tryptic soy agar",TRUE,"Microbial Fatty Acid Compositions","exp","always",NA,"species","Stenotrophomonas",40323,"genus","Medium"
40324,NA,NA,"Pseudomonas maltophila P-19","tryptic soy agar",TRUE,"Microbial Fatty Acid Compositions","exp","always",NA,"species","Stenotrophomonas",40323,"genus","Medium"
40324,NA,NA,"Pseudomonas maltophilia","tryptic soy agar",TRUE,"Microbial Fatty Acid Compositions","exp","always",NA,"species","Stenotrophomonas",40323,"genus","Medium"
562,NA,NA,"Escherichia coli U9-41","tryptic soy agar",TRUE,"Microbial Fatty Acid Compositions","exp","always",NA,"species","Escherichia",561,"genus","Medium"
562,NA,NA,"Escherichia coli 7458-71","tryptic soy agar",TRUE,"Microbial Fatty Acid Compositions","exp","always",NA,"species","Escherichia",561,"genus","Medium"
644,NA,NA,"Aeromonas hydrophila 9079-79; ATCC 7966","tryptic soy agar",TRUE,"Microbial Fatty Acid Compositions","exp","always",NA,"species","Aeromonas",642,"genus","Medium"
644,NA,NA,"Aeromonas hydrophila 9080-79; ATCC 9071","tryptic soy agar",TRUE,"Microbial Fatty Acid Compositions","exp","always",NA,"species","Aeromonas",642,"genus","Medium"
645,NA,NA,"Aeromonas salmonicida 9087-79; ATCC 14174","tryptic soy agar",TRUE,"Microbial Fatty Acid Compositions","exp","always",NA,"species","Aeromonas",642,"genus","Medium"
645,NA,NA,"Aeromonas salmonicida 9542-76; Pasteur institute strain 186-68","tryptic soy agar",TRUE,"Microbial Fatty Acid Compositions","exp","always",NA,"species","Aeromonas",642,"genus","Medium"
676,NA,NA,"Vibrio fluvialis 9555-78; VL 5125","tryptic soy agar",TRUE,"Microbial Fatty Acid Compositions","exp","always",NA,"species","Vibrio",662,"genus","Medium"
676,NA,NA,"Vibrio fluvialis 9554-78; VL 2926","tryptic soy agar",TRUE,"Microbial Fatty Acid Compositions","exp","always",NA,"species","Vibrio",662,"genus","Medium"
670,NA,NA,"Vibrio parahaemolyticus 9062-79; ATCC 17802","tryptic soy agar",TRUE,"Microbial Fatty Acid Compositions","exp","always",NA,"species","Vibrio",662,"genus","Medium"
670,NA,NA,"Vibrio parahaemolyticus 1159-80","tryptic soy agar",TRUE,"Microbial Fatty Acid Compositions","exp","always",NA,"species","Vibrio",662,"genus","Medium"
663,NA,NA,"Vibrio alginolyticus 9065-79; ATCC 17749","tryptic soy agar",TRUE,"Microbial Fatty Acid Compositions","exp","always",NA,"species","Vibrio",662,"genus","Medium"
663,NA,NA,"Vibrio alginolyticus 287-80","tryptic soy agar",TRUE,"Microbial Fatty Acid Compositions","exp","always",NA,"species","Vibrio",662,"genus","Medium"
669,NA,NA,"Vibrio harveyi 9098-79; ATCC 14126","tryptic soy agar",TRUE,"Microbial Fatty Acid Compositions","exp","always",NA,"species","Vibrio",662,"genus","Medium"
669,NA,NA,"Vibrio harveyi 9539-79; VL 1493","tryptic soy agar",TRUE,"Microbial Fatty Acid Compositions","exp","always",NA,"species","Vibrio",662,"genus","Medium"
29497,NA,NA,"Vibrio splendidus 9106-79; ATCC 25914","tryptic soy agar",TRUE,"Microbial Fatty Acid Compositions","exp","always",NA,"species","Vibrio",662,"genus","Medium"
672,NA,NA,"Vibrio vulnificus 9107-79; ATCC 27562","tryptic soy agar",TRUE,"Microbial Fatty Acid Compositions","exp","always",NA,"species","Vibrio",662,"genus","Medium"
672,NA,NA,"Vibrio vulnificus 9121-79","tryptic soy agar",TRUE,"Microbial Fatty Acid Compositions","exp","always",NA,"species","Vibrio",662,"genus","Medium"
666,NA,NA,"Vibrio cholerae 9060-79; ATCC 14035","tryptic soy agar",TRUE,"Microbial Fatty Acid Compositions","exp","always",NA,"species","Vibrio",662,"genus","Medium"
666,NA,NA,"Vibrio cholerae 2507-78; V. Baselski strain 401","tryptic soy agar",TRUE,"Microbial Fatty Acid Compositions","exp","always",NA,"species","Vibrio",662,"genus","Medium"
687,NA,NA,"Vibrio gazogenes 2820-79; ATCC 29988","tryptic soy agar",TRUE,"Microbial Fatty Acid Compositions","exp","always",NA,"species","Vibrio",662,"genus","Medium"
687,NA,NA,"Vibrio gazogenes 1289-80","tryptic soy agar",TRUE,"Microbial Fatty Acid Compositions","exp","always",NA,"species","Vibrio",662,"genus","Medium"
703,NA,NA,"Plesiomonas shigelloides 9091-79; ATCC 14029","tryptic soy agar",TRUE,"Microbial Fatty Acid Compositions","exp","always",NA,"species","Plesiomonas",702,"genus","Medium"
703,NA,NA,"Plesiomonas shigelloides 1261-80","tryptic soy agar",TRUE,"Microbial Fatty Acid Compositions","exp","always",NA,"species","Plesiomonas",702,"genus","Medium"
659,NA,NA,"Photobacterium phosphoreum 9540-78; NCMB 844","tryptic soy agar",TRUE,"Microbial Fatty Acid Compositions","exp","always",NA,"species","Photobacterium",657,"genus","Medium"
661,NA,NA,"Photobacterium angustum 9093-79; ATCC 25915","tryptic soy agar",TRUE,"Microbial Fatty Acid Compositions","exp","always",NA,"species","Photobacterium",657,"genus","Medium"
28172,NA,NA,"Vibrio metschnikovii 9528-78; NCTC 8443","tryptic soy agar",TRUE,"Microbial Fatty Acid Compositions","exp","always",NA,"species","Vibrio",662,"genus","Medium"
28172,NA,NA,"Vibrio metschnikovii 9529-78; NCTC 11170","tryptic soy agar",TRUE,"Microbial Fatty Acid Compositions","exp","always",NA,"species","Vibrio",662,"genus","Medium"
55601,NA,NA,"Vibrio anguillarum 9063-79; ATCC 19264","tryptic soy agar",TRUE,"Microbial Fatty Acid Compositions","exp","always",NA,"species","Vibrio",662,"genus","Medium"
553611,NA,NA,"Photobacterium leiognathi 9094-79; ATCC 25521","tryptic soy agar",TRUE,"Microbial Fatty Acid Compositions","exp","always",NA,"species","Photobacterium",657,"genus","Medium"
393133,NA,NA,"Listeria monocytogenes 10403S","tryptic soy broth",TRUE,"Microbial Fatty Acid Compositions","exp","always",NA,"strain","Listeria monocytogenes",1639,"species","Medium"
1639,NA,NA,"Listeria monocytogenes SLCC53","tryptic soy broth",TRUE,"Microbial Fatty Acid Compositions","exp","always",NA,"species","Listeria",1637,"genus","Medium"
57028,NA,NA,"Algoriphagus ratkowskyi IC025T","zobell marine agar",TRUE,"Microbial Fatty Acid Compositions","exp","always",NA,"species","Algoriphagus",246875,"genus","Medium"
200475,NA,NA,"Brumimicrobium glaciale IC156T","zobell marine agar",TRUE,"Microbial Fatty Acid Compositions","exp","always",NA,"species","Brumimicrobium",200473,"genus","Medium"
101383,NA,NA,"Cryomorpha ignava 1-22T","zobell marine agar",TRUE,"Microbial Fatty Acid Compositions","exp","always",NA,"species","Cryomorpha",246876,"genus","Medium"
70993,NA,NA,"Microscilla aggregans var catalatica NCIMB 1418T , ATCC 23190","zobell marine agar",TRUE,"Microbial Fatty Acid Compositions","exp","always",NA,"species","Flexithrix",70992,"genus","Medium"
28229,NA,NA,"Colwellia psychrerythraea 0","zobell marine agar",TRUE,"Microbial Fatty Acid Compositions","exp","always",NA,"species","Colwellia",28228,"genus","Medium"
89401,NA,NA,"Colwellia demingiae 0","zobell marine agar",TRUE,"Microbial Fatty Acid Compositions","exp","always",NA,"species","Colwellia",28228,"genus","Medium"
37450,NA,NA,"Colwellia rossensis S51-W(gv)1; ACAM 608","zobell marine agar",TRUE,"Microbial Fatty Acid Compositions","exp","always",NA,"species","Colwellia",28228,"genus","Medium"
89402,NA,NA,"Colwellia hornerae IC035; ACAM 607","zobell marine agar",TRUE,"Microbial Fatty Acid Compositions","exp","always",NA,"species","Colwellia",28228,"genus","Medium"
89403,NA,NA,"Colwellia psychrotropica ACAM 179","zobell marine agar",TRUE,"Microbial Fatty Acid Compositions","exp","always",NA,"species","Colwellia",28228,"genus","Medium"
547188,NA,NA,"Phycisphaera mikurensis","zobell marine agar",TRUE,"Microbial Fatty Acid Compositions","exp","always",NA,"species","Phycisphaera",666508,"genus","Medium"
